resolution,AGNo,timeOfDay,kWAvg,kWMedian,kWMax,kWMin,kVARAvg,kVARMedian,kVARMax,kVARMin
60,1,1970-01-01T05:00Z,0.038683835616438414,0.0341,0.1972,0.0026,0.01243698630136988,0.01055,0.0854,-0.0159
60,1,1970-01-01T06:00Z,0.035101571038251345,0.0309,0.145,0.0033,0.012563114754098369,0.01095,0.0909,-0.0158
60,1,1970-01-01T07:00Z,0.033932713498622556,0.0299,0.1588,0.0027,0.013330647382920094,0.0111,0.0877,-0.0124
60,1,1970-01-01T08:00Z,0.034129986338797824,0.0303,0.1497,0.0025,0.013698087431694,0.0119,0.0948,-0.0157
60,1,1970-01-01T09:00Z,0.03361773972602745,0.0292,0.1408,0.0026,0.01329219178082191,0.0114,0.1031,-0.0292
60,1,1970-01-01T10:00Z,0.03380821917808221,0.02975,0.1728,0.0025,0.013104041095890393,0.0115,0.0705,-0.0114
60,1,1970-01-01T11:00Z,0.03414239726027405,0.0295,0.1509,0.003,0.012990273972602741,0.01125,0.0836,-0.0139
60,1,1970-01-01T12:00Z,0.03897417808219175,0.0331,0.1999,0.0034,0.012952397260273946,0.0109,0.0938,-0.0161
60,1,1970-01-01T13:00Z,0.04310205479452053,0.03705,0.2015,0.0032,0.012183219178082157,0.0107,0.094,-0.0245
60,1,1970-01-01T14:00Z,0.04756226027397269,0.04045,0.2107,0.0032,0.014106643835616448,0.0119,0.0844,-0.0231
60,1,1970-01-01T15:00Z,0.049716392318244075,0.0427,0.2285,0.0032,0.015129903978052143,0.01295,0.1375,-0.0238
60,1,1970-01-01T16:00Z,0.05226737637362627,0.0434,0.3041,0.0062,0.015567513736263736,0.0125,0.1339,-0.0323
60,1,1970-01-01T17:00Z,0.05060501373626369,0.04375,0.3393,0.0034,0.015154876373626381,0.0122,0.1251,-0.0212
60,1,1970-01-01T18:00Z,0.05108241758241753,0.04265,0.2598,0.0039,0.014982142857142904,0.0119,0.1158,-0.0251
60,1,1970-01-01T19:00Z,0.05035679945054947,0.0424,0.2298,0.0034,0.015717032967032973,0.0126,0.1188,-0.0235
60,1,1970-01-01T20:00Z,0.045171497252747245,0.03925,0.2167,0.0033,0.014482829670329668,0.01155,0.1276,-0.0205
60,1,1970-01-01T21:00Z,0.03958358516483515,0.0345,0.2539,0.0033,0.013063873626373642,0.01065,0.1028,-0.0171
60,1,1970-01-01T22:00Z,0.04017673301304055,0.0345,0.24,0.0033,0.012570487302676734,0.0106,0.098,-0.0155
60,1,1970-01-01T23:00Z,0.04062013698630136,0.0355,0.1926,0.0032,0.011876095890410979,0.0101,0.09,-0.0195
60,1,1970-01-02,0.04087493150684931,0.0362,0.2178,0.0033,0.011788767123287644,0.00975,0.0997,-0.0212
60,1,1970-01-02T01:00Z,0.041361301369862956,0.037,0.186,0.0037,0.011403150684931506,0.01015,0.091,-0.0212
60,1,1970-01-02T02:00Z,0.041289178082191694,0.0368,0.1913,0.0035,0.011157123287671258,0.0096,0.1056,-0.0173
60,1,1970-01-02T03:00Z,0.04201691780821914,0.0377,0.1774,0.0049,0.01106349315068493,0.0096,0.0894,-0.0157
60,1,1970-01-02T04:00Z,0.04186404109589034,0.035750000000000004,0.2285,0.0034,0.011957397260273957,0.0099,0.1048,-0.0159
60,2,1970-01-01T05:00Z,0.08373041095890413,0.0797,0.3014,0.0164,0.011889520547945212,0.0105,0.0971,-0.0243
60,2,1970-01-01T06:00Z,0.07094576502732242,0.0676,0.3021,0.0176,0.006912909836065588,0.0054,0.0881,-0.0253
60,2,1970-01-01T07:00Z,0.06654938016528923,0.0626,0.2463,0.0145,0.005028994490358131,0.0032500000000000003,0.0794,-0.0306
60,2,1970-01-01T08:00Z,0.06332349726775958,0.0601,0.2232,0.013,0.0037261612021857946,0.0022,0.0895,-0.0285
60,2,1970-01-01T09:00Z,0.06169547945205476,0.057499999999999996,0.2296,0.0134,0.0036639041095890366,0.0023,0.1083,-0.0253
60,2,1970-01-01T10:00Z,0.06091561643835609,0.0573,0.2686,0.0072,0.003662465753424659,0.0026,0.0832,-0.0243
60,2,1970-01-01T11:00Z,0.06195205479452055,0.0584,0.2523,0.0128,0.0034593835616438333,0.00215,0.0725,-0.0279
60,2,1970-01-01T12:00Z,0.06683171232876706,0.0631,0.2155,0.0113,0.0032410273972602694,0.0023,0.0734,-0.0238
60,2,1970-01-01T13:00Z,0.07852082191780806,0.07245,0.3259,0.0193,0.0068144520547945165,0.00575,0.0808,-0.0256
60,2,1970-01-01T14:00Z,0.08148164383561647,0.0757,0.4157,0.0147,0.007411027397260279,0.0062,0.1284,-0.0226
60,2,1970-01-01T15:00Z,0.08433374485596702,0.0786,0.4149,0.0171,0.007789643347050756,0.0063,0.1372,-0.024
60,2,1970-01-01T16:00Z,0.08458179945054949,0.0794,0.2711,0.0156,0.007161401098901096,0.0056500000000000005,0.1449,-0.0245
60,2,1970-01-01T17:00Z,0.08577891483516477,0.0784,0.29,0.0203,0.006864766483516495,0.00515,0.0981,-0.0324
60,2,1970-01-01T18:00Z,0.08498482142857136,0.07725,0.3513,0.0094,0.007525549450549458,0.0062,0.1474,-0.0261
60,2,1970-01-01T19:00Z,0.0841032967032966,0.07725,0.2974,0.0088,0.007230013736263746,0.0051,0.1142,-0.024
60,2,1970-01-01T20:00Z,0.08060274725274724,0.07515,0.277,0.014,0.006189285714285697,0.0047,0.0948,-0.0233
60,2,1970-01-01T21:00Z,0.07851250000000015,0.07444999999999999,0.2074,0.016,0.006043681318681311,0.0044,0.0608,-0.0261
60,2,1970-01-01T22:00Z,0.08141674673987653,0.0771,0.2337,0.0185,0.007831571722717931,0.0058,0.087,-0.0266
60,2,1970-01-01T23:00Z,0.08678842465753431,0.08285000000000001,0.2649,0.0085,0.010107671232876703,0.00775,0.0796,-0.026
60,2,1970-01-02,0.09432376712328772,0.08965000000000001,0.3017,0.0158,0.013086164383561623,0.0109,0.0917,-0.0271
60,2,1970-01-02T01:00Z,0.09850527397260268,0.0945,0.3069,0.0246,0.015648082191780804,0.0126,0.1241,-0.0239
60,2,1970-01-02T02:00Z,0.1036853424657534,0.0995,0.3219,0.0254,0.018162123287671254,0.0152,0.1749,-0.0273
60,2,1970-01-02T03:00Z,0.10072260273972616,0.09795000000000001,0.3007,0.0226,0.018267260273972585,0.0172,0.0974,-0.0291
60,2,1970-01-02T04:00Z,0.09497801369863004,0.0912,0.3621,0.0162,0.016939589041095913,0.0159,0.1017,-0.0308
60,3,1970-01-01T05:00Z,0.1101601369863015,0.09695000000000001,0.3715,0.0315,-0.006171095890410965,-0.0085,0.077,-0.0761
60,3,1970-01-01T06:00Z,0.09768975409836078,0.08335000000000001,0.3486,0.0322,-0.0036282786885245906,-0.0068,0.0881,-0.0471
60,3,1970-01-01T07:00Z,0.0900538567493114,0.0763,0.3469,0.019,-0.0023624655647382898,-0.0045,0.119,-0.0814
60,3,1970-01-01T08:00Z,0.08356243169398911,0.0703,0.3299,0.025,-0.002180122950819673,-0.0044,0.0971,-0.0522
60,3,1970-01-01T09:00Z,0.07893753424657533,0.06634999999999999,0.3226,0.023,-0.0020948630136986327,-0.0043,0.0943,-0.0711
60,3,1970-01-01T10:00Z,0.07569856164383561,0.06405,0.2798,0.0204,-0.0023476027397260285,-0.0044,0.0795,-0.0369
60,3,1970-01-01T11:00Z,0.07811643835616441,0.06345,0.2768,0.0157,-0.002411301369863012,-0.0042,0.143,-0.0413
60,3,1970-01-01T12:00Z,0.09120808219178095,0.0728,0.3545,0.0276,-0.0030693150684931517,-0.0043,0.0809,-0.0711
60,3,1970-01-01T13:00Z,0.10864856164383555,0.0905,0.4589,0.0188,-0.00020664383561643594,-0.0019,0.1332,-0.0822
60,3,1970-01-01T14:00Z,0.10703136986301369,0.0894,0.4238,0.0287,-0.0005756849315068505,-0.0023499999999999997,0.1005,-0.0786
60,3,1970-01-01T15:00Z,0.10040582990397802,0.08615,0.3979,0.0284,-0.004113305898491087,-0.00465,0.1126,-0.062
60,3,1970-01-01T16:00Z,0.0978947802197804,0.0847,0.3178,0.0206,-0.005012980769230764,-0.0064,0.0898,-0.0529
60,3,1970-01-01T17:00Z,0.10112925824175838,0.0863,0.3366,0.0253,-0.005740659340659337,-0.00715,0.0682,-0.0715
60,3,1970-01-01T18:00Z,0.10107300824175823,0.0873,0.4203,0.0278,-0.005948008241758244,-0.007050000000000001,0.0819,-0.0562
60,3,1970-01-01T19:00Z,0.09929766483516488,0.0845,0.3364,0.0212,-0.006044230769230768,-0.008,0.0952,-0.0726
60,3,1970-01-01T20:00Z,0.09966696428571407,0.0845,0.3499,0.0271,-0.006302815934065925,-0.0078,0.0961,-0.0558
60,3,1970-01-01T21:00Z,0.10026620879120898,0.0868,0.3968,0.0289,-0.0068175137362637295,-0.0073,0.0765,-0.0605
60,3,1970-01-01T22:00Z,0.10545916266300613,0.0945,0.3515,0.0259,-0.00708702814001372,-0.0074,0.1013,-0.0556
60,3,1970-01-01T23:00Z,0.12071143835616452,0.1068,0.4446,0.0334,-0.007574315068493154,-0.0089,0.0711,-0.0624
60,3,1970-01-02,0.12748383561643828,0.1116,0.4567,0.029,-0.00869301369863014,-0.0102,0.0909,-0.0996
60,3,1970-01-02T01:00Z,0.13903780821917808,0.12254999999999999,0.5,0.0405,-0.010289999999999997,-0.0113,0.0809,-0.0809
60,3,1970-01-02T02:00Z,0.14299821917808253,0.12855,0.4899,0.0346,-0.009541301369863012,-0.0113,0.0893,-0.08
60,3,1970-01-02T03:00Z,0.13945349315068514,0.1254,0.4572,0.0428,-0.008933150684931513,-0.011,0.0916,-0.0798
60,3,1970-01-02T04:00Z,0.12722260273972588,0.1139,0.4512,0.0386,-0.007383493150684932,-0.0096,0.0801,-0.0783
60,4,1970-01-01T05:00Z,0.13762869863013694,0.122,0.5118,0.0278,0.020185684931506832,0.0168,0.1464,-0.035
60,4,1970-01-01T06:00Z,0.11712643442622946,0.10085,0.4676,0.0309,0.016823770491803253,0.01325,0.1443,-0.0365
60,4,1970-01-01T07:00Z,0.10331053719008262,0.0888,0.3268,0.0258,0.015326721763085412,0.0117,0.1125,-0.0327
60,4,1970-01-01T08:00Z,0.09220314207650279,0.0788,0.3298,0.0247,0.014607308743169395,0.0106,0.1125,-0.0339
60,4,1970-01-01T09:00Z,0.08598712328767123,0.0749,0.2952,0.023,0.014978698630137005,0.011099999999999999,0.1126,-0.0284
60,4,1970-01-01T10:00Z,0.08243136986301375,0.07085,0.3178,0.0212,0.01352554794520548,0.01,0.1142,-0.0264
60,4,1970-01-01T11:00Z,0.08386150684931512,0.0719,0.3159,0.0181,0.014365205479452059,0.0113,0.1354,-0.0319
60,4,1970-01-01T12:00Z,0.0940116438356165,0.08074999999999999,0.3572,0.024,0.01592972602739729,0.0125,0.1135,-0.0423
60,4,1970-01-01T13:00Z,0.11375767123287676,0.0965,0.4444,0.0185,0.020846849315068486,0.0185,0.1235,-0.0422
60,4,1970-01-01T14:00Z,0.11293178082191783,0.09914999999999999,0.3469,0.0268,0.019302465753424623,0.0175,0.1086,-0.0344
60,4,1970-01-01T15:00Z,0.11254807956104258,0.09865,0.4059,0.031,0.016760425240054853,0.0154,0.0993,-0.0535
60,4,1970-01-01T16:00Z,0.11857479395604426,0.10345,0.3964,0.026,0.019211744505494538,0.017349999999999997,0.1163,-0.059
60,4,1970-01-01T17:00Z,0.12232493131868123,0.1065,0.4432,0.0227,0.019880975274725262,0.0171,0.1257,-0.0461
60,4,1970-01-01T18:00Z,0.11899072802197808,0.104,0.443,0.0313,0.018968887362637337,0.0168,0.1255,-0.0406
60,4,1970-01-01T19:00Z,0.11243214285714284,0.0985,0.4954,0.0225,0.01800329670329671,0.0151,0.1293,-0.0307
60,4,1970-01-01T20:00Z,0.11070412087912082,0.0982,0.4084,0.0371,0.01648688186813189,0.0137,0.1248,-0.0451
60,4,1970-01-01T21:00Z,0.11505350274725262,0.1033,0.3564,0.032,0.01692032967032971,0.01455,0.1208,-0.0289
60,4,1970-01-01T22:00Z,0.12590247083047318,0.1121,0.3419,0.0211,0.019409196980096098,0.0174,0.1448,-0.0421
60,4,1970-01-01T23:00Z,0.1423204109589043,0.12819999999999998,0.4303,0.0346,0.0247066438356164,0.0226,0.1439,-0.0487
60,4,1970-01-02,0.14835301369863002,0.1346,0.4416,0.0495,0.027873013698630128,0.025500000000000002,0.1147,-0.0354
60,4,1970-01-02T01:00Z,0.14943349315068497,0.13405,0.4888,0.0516,0.026581369863013737,0.0242,0.1359,-0.031
60,4,1970-01-02T02:00Z,0.15518397260273964,0.1406,0.5286,0.0462,0.025531986301369866,0.023850000000000003,0.1364,-0.0519
60,4,1970-01-02T03:00Z,0.1584976027397262,0.1432,0.55,0.0474,0.024036095890410978,0.0202,0.1411,-0.0321
60,4,1970-01-02T04:00Z,0.15291616438356165,0.13465,0.4379,0.0389,0.023179589041095874,0.01895,0.1564,-0.0412
60,5,1970-01-01T05:00Z,0.11957732876712335,0.1082,0.4673,0.0363,0.010075410958904114,0.00675,0.1065,-0.0464
60,5,1970-01-01T06:00Z,0.10448934426229504,0.0943,0.3373,0.0313,0.009896926229508187,0.0067,0.1372,-0.0431
60,5,1970-01-01T07:00Z,0.09735757575757568,0.09004999999999999,0.2854,0.0241,0.009679614325068885,0.00595,0.1601,-0.0381
60,5,1970-01-01T08:00Z,0.0953084699453554,0.08775,0.2943,0.0317,0.00968872950819674,0.0063,0.1144,-0.0428
60,5,1970-01-01T09:00Z,0.09501842465753421,0.08545,0.2998,0.0263,0.009167534246575341,0.0062,0.1093,-0.0515
60,5,1970-01-01T10:00Z,0.0975539726027399,0.0891,0.3088,0.024,0.007098356164383553,0.00355,0.0956,-0.0542
60,5,1970-01-01T11:00Z,0.1226567808219179,0.1095,0.4075,0.0349,0.006151027397260282,0.00285,0.0886,-0.0718
60,5,1970-01-01T12:00Z,0.13748541095890413,0.123,0.417,0.033,0.005589794520547952,0.0033,0.0823,-0.0591
60,5,1970-01-01T13:00Z,0.14822095890410955,0.1346,0.4126,0.0504,0.005999657534246587,0.003,0.1093,-0.0721
60,5,1970-01-01T14:00Z,0.15061575342465752,0.1353,0.5282,0.0377,0.006144520547945207,0.0035,0.133,-0.0577
60,5,1970-01-01T15:00Z,0.15015000000000006,0.13345,0.4728,0.046,0.008169931506849307,0.0055,0.1357,-0.0614
60,5,1970-01-01T16:00Z,0.14821404109589065,0.134,0.5071,0.0483,0.010055890410958909,0.0087,0.1376,-0.0519
60,5,1970-01-01T17:00Z,0.15485636986301354,0.13629999999999998,0.6049,0.027,0.01224842465753427,0.0097,0.1477,-0.055
60,5,1970-01-01T18:00Z,0.14755363013698633,0.13235,0.459,0.042,0.010598561643835614,0.0073,0.1304,-0.0666
60,5,1970-01-01T19:00Z,0.140525205479452,0.12535000000000002,0.4802,0.0397,0.010646232876712366,0.0091,0.0952,-0.0814
60,5,1970-01-01T20:00Z,0.13740568493150665,0.12065000000000001,0.5337,0.0373,0.010959178082191764,0.00885,0.1111,-0.059
60,5,1970-01-01T21:00Z,0.13950472602739733,0.1242,0.5295,0.0353,0.011234931506849314,0.0101,0.0833,-0.0524
60,5,1970-01-01T22:00Z,0.15595856164383573,0.1449,0.4601,0.0528,0.01367390410958907,0.01125,0.1341,-0.0629
60,5,1970-01-01T23:00Z,0.174539109589041,0.16325,0.4857,0.042,0.013837465753424682,0.0104,0.1136,-0.0848
60,5,1970-01-02,0.1808356164383563,0.17049999999999998,0.4477,0.0473,0.012519794520547939,0.0109,0.1098,-0.0614
60,5,1970-01-02T01:00Z,0.18678157534246545,0.17915,0.4222,0.0549,0.011936643835616463,0.01,0.1344,-0.0895
60,5,1970-01-02T02:00Z,0.1901887671232877,0.18409999999999999,0.4802,0.0574,0.009852260273972607,0.0082,0.1234,-0.0747
60,5,1970-01-02T03:00Z,0.16455794520547945,0.1569,0.4783,0.0656,0.011160205479452064,0.01055,0.0996,-0.06
60,5,1970-01-02T04:00Z,0.1410125342465752,0.1313,0.4739,0.048,0.010821986301369877,0.00875,0.0986,-0.058
60,6,1970-01-01T05:00Z,0.15274595890410955,0.12365000000000001,0.5295,0.0353,0.007727534246575339,-0.0005,0.1215,-0.0563
60,6,1970-01-01T06:00Z,0.13194740437158478,0.1027,0.4903,0.0329,0.006941939890710385,-0.0011,0.126,-0.0437
60,6,1970-01-01T07:00Z,0.1208807162534435,0.0937,0.4473,0.0372,0.006462258953168049,-0.0012,0.1376,-0.043
60,6,1970-01-01T08:00Z,0.11557725409836078,0.0889,0.4617,0.0256,0.0061650956284152875,-0.0011,0.1324,-0.0355
60,6,1970-01-01T09:00Z,0.113254589041096,0.0873,0.4812,0.0264,0.006196369863013707,-0.00135,0.1573,-0.0408
60,6,1970-01-01T10:00Z,0.11053404109589031,0.08345,0.4801,0.0281,0.005467534246575351,-0.0020499999999999997,0.1105,-0.0373
60,6,1970-01-01T11:00Z,0.11578568493150689,0.0896,0.4708,0.0246,0.004888972602739733,-0.002,0.128,-0.049
60,6,1970-01-01T12:00Z,0.1448168493150685,0.1225,0.4938,0.0299,0.010968150684931522,0.0055,0.1239,-0.0488
60,6,1970-01-01T13:00Z,0.16548431506849332,0.15115,0.4551,0.0362,0.016585410958904104,0.0149,0.1197,-0.0379
60,6,1970-01-01T14:00Z,0.15003452054794505,0.13455,0.524,0.0508,0.013514999999999994,0.01075,0.1485,-0.045
60,6,1970-01-01T15:00Z,0.15212167352537745,0.1365,0.6546,0.0436,0.01614876543209876,0.01355,0.2174,-0.0428
60,6,1970-01-01T16:00Z,0.15393358516483513,0.1381,0.6018,0.0402,0.016405700549450584,0.01335,0.1812,-0.0623
60,6,1970-01-01T17:00Z,0.1562878434065936,0.1402,0.5127,0.0379,0.017284409340659352,0.0145,0.1298,-0.0527
60,6,1970-01-01T18:00Z,0.1511065934065931,0.13705,0.6632,0.042,0.015828640109890105,0.012,0.2117,-0.0596
60,6,1970-01-01T19:00Z,0.1489768543956041,0.1342,0.6261,0.0427,0.015571085164835156,0.01145,0.187,-0.0431
60,6,1970-01-01T20:00Z,0.1462641483516483,0.13069999999999998,0.4937,0.0494,0.014501167582417585,0.01085,0.1108,-0.0452
60,6,1970-01-01T21:00Z,0.14839780219780233,0.13425,0.4231,0.0465,0.015062500000000019,0.0134,0.1269,-0.0428
60,6,1970-01-01T22:00Z,0.16084248455730962,0.146,0.4961,0.0515,0.01809094028826356,0.0167,0.1225,-0.0473
60,6,1970-01-01T23:00Z,0.17841767123287672,0.166,0.5339,0.0496,0.02168602739726022,0.01915,0.1955,-0.0347
60,6,1970-01-02,0.19881102739726006,0.18975,0.5991,0.0615,0.021858424657534233,0.0201,0.1253,-0.0476
60,6,1970-01-02T01:00Z,0.21083739726027417,0.202,0.5049,0.0695,0.020088356164383564,0.01795,0.163,-0.0635
60,6,1970-01-02T02:00Z,0.22410623287671178,0.2104,0.5919,0.077,0.022946575342465764,0.0195,0.1372,-0.0498
60,6,1970-01-02T03:00Z,0.21598561643835618,0.20065,0.5456,0.0755,0.02196616438356166,0.018549999999999997,0.1413,-0.0444
60,6,1970-01-02T04:00Z,0.18607438356164388,0.16475,0.6,0.0524,0.01616123287671235,0.0101,0.1341,-0.071
60,7,1970-01-01T05:00Z,0.18037780821917812,0.1532,0.6012,0.0528,0.025688150684931507,0.0211,0.2115,-0.0547
60,7,1970-01-01T06:00Z,0.1539676912568307,0.12890000000000001,0.5814,0.0401,0.02020382513661198,0.0153,0.1753,-0.0416
60,7,1970-01-01T07:00Z,0.1393805096418732,0.1135,0.4849,0.037,0.017259366391184576,0.0119,0.1592,-0.0782
60,7,1970-01-01T08:00Z,0.13128121584699443,0.1081,0.4684,0.0357,0.015857855191256803,0.01115,0.1556,-0.0454
60,7,1970-01-01T09:00Z,0.12470095890410957,0.1024,0.4561,0.0359,0.014938356164383564,0.0102,0.1596,-0.0447
60,7,1970-01-01T10:00Z,0.12553171232876698,0.1046,0.4534,0.0359,0.015004383561643776,0.01005,0.1545,-0.0418
60,7,1970-01-01T11:00Z,0.12872342465753436,0.1111,0.4868,0.0443,0.015816506849315064,0.01265,0.1329,-0.0447
60,7,1970-01-01T12:00Z,0.14660178082191766,0.13319999999999999,0.4453,0.0484,0.01669109589041098,0.0142,0.1509,-0.0773
60,7,1970-01-01T13:00Z,0.16917924657534236,0.15845,0.5203,0.0317,0.02161753424657534,0.0182,0.148,-0.0451
60,7,1970-01-01T14:00Z,0.17481260273972604,0.16065000000000002,0.5019,0.0476,0.020666301369863024,0.0177,0.1707,-0.0506
60,7,1970-01-01T15:00Z,0.17269478737997254,0.1569,0.4892,0.0599,0.019617078189300433,0.0157,0.1745,-0.058
60,7,1970-01-01T16:00Z,0.16816291208791234,0.15115,0.5054,0.0595,0.019831799450549463,0.0162,0.1722,-0.0615
60,7,1970-01-01T17:00Z,0.16560254120879123,0.15115,0.5039,0.0479,0.022546497252747242,0.019450000000000002,0.1573,-0.066
60,7,1970-01-01T18:00Z,0.1661252747252748,0.1508,0.4978,0.0517,0.0236198489010989,0.0208,0.1479,-0.05
60,7,1970-01-01T19:00Z,0.1596783653846153,0.14739999999999998,0.5961,0.0494,0.020331387362637378,0.0176,0.1751,-0.0687
60,7,1970-01-01T20:00Z,0.1550236950549448,0.13755,0.6259,0.0515,0.019932967032967028,0.0154,0.1833,-0.0468
60,7,1970-01-01T21:00Z,0.15810075549450534,0.14350000000000002,0.5838,0.0442,0.02108324175824176,0.01625,0.1751,-0.0543
60,7,1970-01-01T22:00Z,0.16846986959505847,0.1535,0.656,0.0404,0.024202264927934147,0.02,0.2225,-0.0405
60,7,1970-01-01T23:00Z,0.1809898630136984,0.16485,0.5513,0.0661,0.02871342465753426,0.02435,0.1648,-0.0416
60,7,1970-01-02,0.197343082191781,0.18005,0.6021,0.0615,0.03460130136986302,0.030350000000000002,0.1859,-0.0573
60,7,1970-01-02T01:00Z,0.2090160273972603,0.1965,0.6877,0.0644,0.03641054794520552,0.0324,0.1977,-0.0527
60,7,1970-01-02T02:00Z,0.2154695890410958,0.1997,0.7175,0.077,0.03565328767123293,0.030350000000000002,0.2266,-0.0409
60,7,1970-01-02T03:00Z,0.2103072602739726,0.18885000000000002,0.6538,0.06,0.03488294520547942,0.0291,0.1599,-0.0415
60,7,1970-01-02T04:00Z,0.20454835616438324,0.17980000000000002,0.6146,0.056,0.03206260273972603,0.0272,0.1759,-0.0631
60,8,1970-01-01T05:00Z,0.2107060273972603,0.1928,0.6174,0.0802,0.026788493150684958,0.0162,0.2347,-0.0654
60,8,1970-01-01T06:00Z,0.17319829234972683,0.1528,0.5761,0.0515,0.020758674863387984,0.01035,0.2474,-0.0662
60,8,1970-01-01T07:00Z,0.15142279614325083,0.12685000000000002,0.5368,0.0538,0.018718388429752045,0.0089,0.2271,-0.0562
60,8,1970-01-01T08:00Z,0.14309118852459035,0.118,0.5315,0.0534,0.015917622950819676,0.00635,0.2104,-0.0632
60,8,1970-01-01T09:00Z,0.13852212328767113,0.11449999999999999,0.5314,0.0457,0.01564636986301372,0.0065,0.2274,-0.0548
60,8,1970-01-01T10:00Z,0.13704821917808258,0.11435000000000001,0.5403,0.0481,0.015366849315068501,0.0063,0.2137,-0.0554
60,8,1970-01-01T11:00Z,0.1369875342465755,0.1143,0.5426,0.0425,0.015446917808219187,0.00685,0.2183,-0.0451
60,8,1970-01-01T12:00Z,0.1612267123287669,0.1444,0.5422,0.0468,0.014087534246575313,0.00665,0.2066,-0.0644
60,8,1970-01-01T13:00Z,0.16503157534246565,0.149,0.5625,0.0482,0.017874520547945177,0.0109,0.2568,-0.0562
60,8,1970-01-01T14:00Z,0.17199356164383556,0.1578,0.5697,0.0524,0.017604383561643844,0.009850000000000001,0.1947,-0.0661
60,8,1970-01-01T15:00Z,0.16675939643347065,0.15205000000000002,0.5619,0.0417,0.016154046639231836,0.0093,0.2145,-0.0607
60,8,1970-01-01T16:00Z,0.16549512362637359,0.15005000000000002,0.4953,0.0602,0.017920123626373654,0.01115,0.2175,-0.0684
60,8,1970-01-01T17:00Z,0.16472960164835157,0.1477,0.4597,0.0608,0.018768475274725253,0.01235,0.2007,-0.0686
60,8,1970-01-01T18:00Z,0.17024931318681305,0.15325,0.4965,0.0615,0.019320329670329667,0.01225,0.1941,-0.0888
60,8,1970-01-01T19:00Z,0.16431950549450558,0.14395,0.5081,0.0499,0.01931820054945053,0.01255,0.2069,-0.0714
60,8,1970-01-01T20:00Z,0.16185556318681338,0.1456,0.5998,0.0554,0.019098489010989008,0.0115,0.1925,-0.0628
60,8,1970-01-01T21:00Z,0.16663640109890113,0.1503,0.5243,0.0476,0.018169711538461558,0.0104,0.2081,-0.0567
60,8,1970-01-01T22:00Z,0.1789127659574468,0.1628,0.4746,0.0497,0.020017021276595746,0.0139,0.1938,-0.0527
60,8,1970-01-01T23:00Z,0.19191582191780837,0.17945,0.5101,0.0684,0.023560753424657518,0.0162,0.1934,-0.0587
60,8,1970-01-02,0.21200095890410964,0.19665,0.567,0.0743,0.031011506849315036,0.023,0.2099,-0.0787
60,8,1970-01-02T01:00Z,0.2334322602739726,0.2171,0.6159,0.0754,0.030925479452054743,0.022600000000000002,0.2171,-0.0708
60,8,1970-01-02T02:00Z,0.2473500684931505,0.22845,0.7167,0.0768,0.026467671232876678,0.016550000000000002,0.2325,-0.0625
60,8,1970-01-02T03:00Z,0.2503313698630131,0.23635,0.6038,0.0791,0.026226164383561637,0.0171,0.2126,-0.0603
60,8,1970-01-02T04:00Z,0.23963643835616413,0.2231,0.6904,0.0761,0.029209041095890374,0.0199,0.2513,-0.0532
60,9,1970-01-01T05:00Z,0.19463636986301347,0.17675000000000002,0.4819,0.0698,0.040920547945205485,0.0243,0.2608,-0.0689
60,9,1970-01-01T06:00Z,0.1683435792349731,0.14635,0.5084,0.046,0.037835382513661205,0.02035,0.2632,-0.0517
60,9,1970-01-01T07:00Z,0.15213326446280975,0.12805,0.4921,0.053,0.03692190082644631,0.0182,0.2749,-0.0483
60,9,1970-01-01T08:00Z,0.14148510928961755,0.11765,0.4525,0.0439,0.03787595628415293,0.01865,0.2378,-0.0519
60,9,1970-01-01T09:00Z,0.13281732876712296,0.11155000000000001,0.497,0.0453,0.036345616438356224,0.01895,0.2472,-0.0462
60,9,1970-01-01T10:00Z,0.1417836986301368,0.1182,0.5114,0.0446,0.04080883561643838,0.02475,0.2517,-0.0416
60,9,1970-01-01T11:00Z,0.14446075342465747,0.12340000000000001,0.4944,0.0552,0.039056369863013626,0.0215,0.2298,-0.0393
60,9,1970-01-01T12:00Z,0.16346452054794514,0.146,0.5275,0.0479,0.0346856164383562,0.02,0.273,-0.0547
60,9,1970-01-01T13:00Z,0.17421486301369857,0.1597,0.5388,0.0526,0.03441123287671231,0.0233,0.2319,-0.0567
60,9,1970-01-01T14:00Z,0.1877391095890411,0.1725,0.4934,0.0631,0.034208424657534195,0.021650000000000003,0.2214,-0.0688
60,9,1970-01-01T15:00Z,0.18733703703703697,0.1738,0.4827,0.061,0.03475480109739369,0.021650000000000003,0.2255,-0.0706
60,9,1970-01-01T16:00Z,0.1917837225274728,0.1774,0.4614,0.048,0.03518282967032969,0.022850000000000002,0.238,-0.0669
60,9,1970-01-01T17:00Z,0.19630782967032956,0.18295,0.5587,0.0665,0.038193269230769156,0.0271,0.2224,-0.0788
60,9,1970-01-01T18:00Z,0.18954258241758215,0.17559999999999998,0.5208,0.0628,0.03398021978021976,0.0232,0.2607,-0.0621
60,9,1970-01-01T19:00Z,0.18330563186813204,0.16765,0.528,0.0593,0.03267623626373626,0.0223,0.2239,-0.059
60,9,1970-01-01T20:00Z,0.18453303571428548,0.1679,0.546,0.0732,0.03392383241758241,0.0227,0.2149,-0.0571
60,9,1970-01-01T21:00Z,0.19188598901098913,0.17315,0.5789,0.0731,0.03526902472527474,0.0253,0.2343,-0.0672
60,9,1970-01-01T22:00Z,0.21008641043239504,0.1958,0.554,0.0725,0.035941523678792074,0.0255,0.2438,-0.0733
60,9,1970-01-01T23:00Z,0.22180869863013666,0.20715,0.6052,0.0854,0.03122383561643838,0.01985,0.2383,-0.0672
60,9,1970-01-02,0.22720993150684923,0.2157,0.6017,0.0712,0.028275890410958855,0.01545,0.229,-0.0753
60,9,1970-01-02T01:00Z,0.2375805479452053,0.22460000000000002,0.5684,0.0873,0.027989178082191764,0.01575,0.2267,-0.0815
60,9,1970-01-02T02:00Z,0.23974178082191733,0.22815,0.6303,0.0634,0.03183979452054792,0.0173,0.2913,-0.07
60,9,1970-01-02T03:00Z,0.23880184931506837,0.22505,0.5402,0.0683,0.03721246575342463,0.022449999999999998,0.2679,-0.0626
60,9,1970-01-02T04:00Z,0.22410301369863042,0.2072,0.6158,0.0738,0.04335726027397262,0.0269,0.2697,-0.0656
60,10,1970-01-01T05:00Z,0.18481541095890403,0.1632,0.5642,0.0675,-0.016827602739726,-0.0274,0.1561,-0.0792
60,10,1970-01-01T06:00Z,0.1571612021857923,0.13115,0.4965,0.0564,-0.015889071038251337,-0.025349999999999998,0.1605,-0.0842
60,10,1970-01-01T07:00Z,0.14311673553719015,0.1158,0.4824,0.0471,-0.013680922865013774,-0.0231,0.1349,-0.0932
60,10,1970-01-01T08:00Z,0.1351465846994536,0.11055000000000001,0.5176,0.0448,-0.013593032786885263,-0.023,0.1574,-0.0637
60,10,1970-01-01T09:00Z,0.1303830136986303,0.1062,0.4685,0.0434,-0.013812808219178099,-0.0233,0.1368,-0.0691
60,10,1970-01-01T10:00Z,0.13080273972602718,0.10825,0.4968,0.0391,-0.013656712328767112,-0.02275,0.1569,-0.0678
60,10,1970-01-01T11:00Z,0.1452719863013698,0.1224,0.525,0.0394,-0.012416986301369894,-0.0209,0.1468,-0.079
60,10,1970-01-01T12:00Z,0.19860006849315087,0.18485000000000001,0.6219,0.0501,-0.002106575342465754,-0.00945,0.1688,-0.0783
60,10,1970-01-01T13:00Z,0.20910993150684923,0.19355,0.5846,0.0559,-0.00904657534246574,-0.01385,0.1484,-0.0893
60,10,1970-01-01T14:00Z,0.205738698630137,0.19090000000000001,0.5409,0.065,-0.015904109589041083,-0.0227,0.1171,-0.1008
60,10,1970-01-01T15:00Z,0.20864176954732508,0.19190000000000002,0.5903,0.0896,-0.0167054183813443,-0.02395,0.157,-0.1005
60,10,1970-01-01T16:00Z,0.20733440934065894,0.18964999999999999,0.5114,0.0886,-0.017433859890109902,-0.025,0.1753,-0.1171
60,10,1970-01-01T17:00Z,0.20699773351648362,0.1909,0.5818,0.0833,-0.015687362637362604,-0.0226,0.1722,-0.1383
60,10,1970-01-01T18:00Z,0.21250631868131842,0.1977,0.6399,0.0799,-0.01463042582417578,-0.0217,0.2005,-0.1048
60,10,1970-01-01T19:00Z,0.20794436813186828,0.1905,0.6056,0.0727,-0.018362912087912055,-0.0266,0.1728,-0.1093
60,10,1970-01-01T20:00Z,0.19601263736263738,0.17735,0.6057,0.0739,-0.020124107142857138,-0.027950000000000003,0.1711,-0.0942
60,10,1970-01-01T21:00Z,0.19759663461538468,0.1814,0.5791,0.0738,-0.022229670329670343,-0.0295,0.1453,-0.1111
60,10,1970-01-01T22:00Z,0.22188675360329463,0.2044,0.6377,0.0752,-0.018719560741249117,-0.0266,0.1188,-0.1046
60,10,1970-01-01T23:00Z,0.2572767808219174,0.2407,0.7181,0.1026,-0.009877945205479447,-0.016149999999999998,0.1504,-0.118
60,10,1970-01-02,0.2674944520547947,0.2479,0.713,0.0894,-0.00889924657534247,-0.0161,0.1578,-0.1133
60,10,1970-01-02T01:00Z,0.27868589041095865,0.26339999999999997,0.6901,0.1239,-0.014791849315068483,-0.023149999999999997,0.1534,-0.1057
60,10,1970-01-02T02:00Z,0.28290698630137007,0.26765000000000005,0.6354,0.0927,-0.01644527397260273,-0.0246,0.1523,-0.1022
60,10,1970-01-02T03:00Z,0.2618265068493149,0.24175,0.6211,0.0943,-0.016535342465753416,-0.02695,0.1526,-0.1166
60,10,1970-01-02T04:00Z,0.22919794520547915,0.2108,0.603,0.0872,-0.018565890410958918,-0.0284,0.1615,-0.1067
60,11,1970-01-01T05:00Z,0.19686465753424656,0.17885,0.5756,0.0673,-0.002338698630136978,-0.0119,0.1474,-0.0733
60,11,1970-01-01T06:00Z,0.1751530737704918,0.1593,0.5109,0.064,-0.005355396174863397,-0.0157,0.1145,-0.0716
60,11,1970-01-01T07:00Z,0.1624758953168046,0.14585,0.5078,0.0596,-0.005074793388429743,-0.0141,0.1255,-0.0571
60,11,1970-01-01T08:00Z,0.15472875683060108,0.1369,0.4761,0.052,-0.004099658469945352,-0.0129,0.1152,-0.059
60,11,1970-01-01T09:00Z,0.14728630136986298,0.13105,0.463,0.053,-0.004614246575342465,-0.013000000000000001,0.1312,-0.0521
60,11,1970-01-01T10:00Z,0.1451731506849316,0.13,0.4848,0.0572,-0.0051254109589041075,-0.0128,0.1205,-0.0618
60,11,1970-01-01T11:00Z,0.1511920547945205,0.1354,0.5102,0.0555,-0.008621438356164371,-0.0151,0.107,-0.0726
60,11,1970-01-01T12:00Z,0.1855183561643838,0.1707,0.5985,0.0577,-0.010086780821917798,-0.0165,0.0911,-0.0947
60,11,1970-01-01T13:00Z,0.19176993150684982,0.1772,0.6331,0.0716,-0.008733561643835602,-0.0148,0.1061,-0.0653
60,11,1970-01-01T14:00Z,0.19370712328767145,0.17975,0.6608,0.0672,-0.004643698630136988,-0.010450000000000001,0.1036,-0.0749
60,11,1970-01-01T15:00Z,0.20263436213991778,0.1868,0.6836,0.0777,-0.003179012345679014,-0.00775,0.1462,-0.0755
60,11,1970-01-01T16:00Z,0.20569601648351613,0.18395,0.6215,0.0859,-0.0006822802197802244,-0.0055,0.125,-0.0768
60,11,1970-01-01T17:00Z,0.21132850274725298,0.1894,0.7249,0.0752,0.0014011675824175793,-0.0037,0.2021,-0.1207
60,11,1970-01-01T18:00Z,0.22183344780219783,0.1971,0.739,0.0776,0.002437293956043957,-0.00445,0.1302,-0.077
60,11,1970-01-01T19:00Z,0.22454313186813163,0.19740000000000002,0.6935,0.0824,0.0027698489010989035,-0.003,0.1451,-0.0891
60,11,1970-01-01T20:00Z,0.21888866758241718,0.1899,0.7559,0.0717,0.002133997252747253,-0.0045000000000000005,0.274,-0.0753
60,11,1970-01-01T21:00Z,0.22067314560439574,0.19415,0.8713,0.0815,0.0020544642857142892,-0.0057,0.1606,-0.0829
60,11,1970-01-01T22:00Z,0.251567261496225,0.2262,0.7361,0.0748,0.0009705559368565562,-0.0077,0.1489,-0.0782
60,11,1970-01-01T23:00Z,0.29767979452054777,0.27645,0.8617,0.097,0.0012543835616438321,-0.0073,0.168,-0.0931
60,11,1970-01-02,0.3077884931506849,0.2888,0.7708,0.1112,-0.0035893835616438345,-0.01385,0.2211,-0.0885
60,11,1970-01-02T01:00Z,0.30628308219178113,0.2877,0.7975,0.0847,-0.004332739726027392,-0.0123,0.1845,-0.0979
60,11,1970-01-02T02:00Z,0.30041917808219193,0.28195,0.8036,0.1177,-0.004496643835616426,-0.012150000000000001,0.1857,-0.0967
60,11,1970-01-02T03:00Z,0.2663693835616435,0.24625,0.6872,0.0918,-0.0042835616438356185,-0.0122,0.1584,-0.0983
60,11,1970-01-02T04:00Z,0.2280654794520549,0.2094,0.7199,0.0974,-0.002016780821917825,-0.01115,0.1527,-0.1033
60,12,1970-01-01T05:00Z,0.2345703424657534,0.2117,0.6255,0.0905,0.03454328767123281,0.0263,0.1852,-0.0436
60,12,1970-01-01T06:00Z,0.2036781420765027,0.1771,0.5748,0.073,0.02284351092896173,0.0137,0.176,-0.0408
60,12,1970-01-01T07:00Z,0.1873615013774103,0.16155,0.5883,0.0646,0.01764986225895317,0.0079,0.2074,-0.0363
60,12,1970-01-01T08:00Z,0.17539016393442622,0.1499,0.5607,0.0724,0.01570143442622953,0.0054,0.1595,-0.035
60,12,1970-01-01T09:00Z,0.16731650684931496,0.1411,0.5322,0.0588,0.014230958904109563,0.0041,0.1689,-0.0347
60,12,1970-01-01T10:00Z,0.1672178082191781,0.14255,0.5551,0.0647,0.012936301369863023,0.0027,0.1501,-0.0335
60,12,1970-01-01T11:00Z,0.18255554794520545,0.1578,0.5937,0.0667,0.013493972602739749,0.0046,0.1644,-0.0355
60,12,1970-01-01T12:00Z,0.20538705479452077,0.18725,0.6082,0.0703,0.01051267123287672,0.004,0.1481,-0.0564
60,12,1970-01-01T13:00Z,0.2147880821917808,0.19945000000000002,0.5111,0.0833,0.006404589041095896,0.0004,0.1397,-0.053
60,12,1970-01-01T14:00Z,0.21934287671232847,0.2031,0.5536,0.0711,0.006838493150684925,0.00365,0.106,-0.0597
60,12,1970-01-01T15:00Z,0.21661200274348397,0.1992,0.5437,0.0884,0.009467215363511652,0.0055,0.119,-0.0489
60,12,1970-01-01T16:00Z,0.2210410027472527,0.20465,0.6352,0.093,0.01216751373626373,0.0083,0.192,-0.0558
60,12,1970-01-01T17:00Z,0.22662046703296748,0.2095,0.6998,0.0874,0.013717032967032975,0.00935,0.1509,-0.0433
60,12,1970-01-01T18:00Z,0.22894162087912073,0.21065,0.665,0.0846,0.01583688186813185,0.0113,0.1447,-0.0447
60,12,1970-01-01T19:00Z,0.22941833791208793,0.211,0.7171,0.0704,0.017519230769230735,0.0124,0.1544,-0.0773
60,12,1970-01-01T20:00Z,0.2238379120879121,0.20700000000000002,0.6986,0.0937,0.01724814560439561,0.01285,0.1528,-0.0492
60,12,1970-01-01T21:00Z,0.2263953983516484,0.21089999999999998,0.6355,0.0825,0.01602513736263735,0.0105,0.181,-0.0559
60,12,1970-01-01T22:00Z,0.24561056966369216,0.2281,0.6323,0.0881,0.01937789979409747,0.0143,0.1694,-0.1096
60,12,1970-01-01T23:00Z,0.26806226027397273,0.2512,0.7528,0.093,0.02287876712328766,0.018250000000000002,0.1814,-0.0557
60,12,1970-01-02,0.28982095890410964,0.27465,0.6738,0.1012,0.02850643835616439,0.023850000000000003,0.1735,-0.0447
60,12,1970-01-02T01:00Z,0.2990693150684933,0.2817,0.7185,0.1205,0.03257931506849323,0.0275,0.1846,-0.0437
60,12,1970-01-02T02:00Z,0.2982580136986302,0.27905,0.7479,0.1129,0.03734883561643835,0.03275,0.2382,-0.0499
60,12,1970-01-02T03:00Z,0.2885513013698632,0.26905,0.7515,0.1248,0.042174041095890395,0.0363,0.2009,-0.0366
60,12,1970-01-02T04:00Z,0.2627632191780829,0.2421,0.6805,0.0975,0.04117198630136987,0.03465,0.2106,-0.0417
60,13,1970-01-01T05:00Z,0.24371280821917812,0.2289,0.5853,0.0766,0.024805547945205453,0.0179,0.1455,-0.0464
60,13,1970-01-01T06:00Z,0.22901912568305982,0.21765,0.5554,0.0813,0.025726571038251385,0.019950000000000002,0.1327,-0.0451
60,13,1970-01-01T07:00Z,0.2172508264462809,0.2041,0.632,0.0814,0.023488429752066137,0.0177,0.1785,-0.0553
60,13,1970-01-01T08:00Z,0.20458442622950834,0.18885000000000002,0.5977,0.0791,0.020682991803278688,0.013049999999999999,0.1447,-0.0489
60,13,1970-01-01T09:00Z,0.2001465068493151,0.1824,0.5342,0.0752,0.016886438356164372,0.008,0.1738,-0.056
60,13,1970-01-01T10:00Z,0.19879636986301358,0.17685,0.5424,0.0683,0.01567958904109588,0.0028,0.1633,-0.0605
60,13,1970-01-01T11:00Z,0.23775356164383601,0.22335,0.6162,0.0753,0.015985342465753415,0.0035,0.1979,-0.0621
60,13,1970-01-01T12:00Z,0.2773294520547947,0.2667,0.6335,0.0826,0.021660958904109566,0.0119,0.1376,-0.0464
60,13,1970-01-01T13:00Z,0.2743901369863015,0.26165,0.6974,0.0771,0.025711369863013703,0.018250000000000002,0.1414,-0.0468
60,13,1970-01-01T14:00Z,0.24869006849315042,0.2325,0.6003,0.0813,0.023743150684931536,0.0171,0.1593,-0.057
60,13,1970-01-01T15:00Z,0.22238106995884746,0.20685,0.5531,0.0812,0.02005253772290808,0.0148,0.1523,-0.0627
60,13,1970-01-01T16:00Z,0.2083221153846156,0.19155,0.5695,0.0748,0.017162087912087873,0.0122,0.1706,-0.0608
60,13,1970-01-01T17:00Z,0.2047436813186813,0.1933,0.5233,0.0755,0.015595260989011,0.0123,0.1118,-0.0534
60,13,1970-01-01T18:00Z,0.2053315247252747,0.19524999999999998,0.5413,0.0714,0.014901236263736238,0.0128,0.1629,-0.0518
60,13,1970-01-01T19:00Z,0.20260357142857124,0.1883,0.5084,0.0673,0.015667513736263735,0.013649999999999999,0.1098,-0.0644
60,13,1970-01-01T20:00Z,0.20742884615384646,0.19535,0.5526,0.0708,0.017762087912087908,0.01475,0.1156,-0.0603
60,13,1970-01-01T21:00Z,0.21798626373626337,0.20375,0.5889,0.0848,0.019857760989010997,0.0169,0.0988,-0.0545
60,13,1970-01-01T22:00Z,0.23786437886067294,0.2271,0.6221,0.0896,0.021682910089224416,0.018,0.1357,-0.0451
60,13,1970-01-01T23:00Z,0.2870123287671231,0.27475,0.6939,0.0947,0.03113657534246575,0.0279,0.1325,-0.0382
60,13,1970-01-02,0.3194711643835611,0.30725,0.7521,0.1025,0.03750945205479453,0.0348,0.1635,-0.0344
60,13,1970-01-02T01:00Z,0.3267171917808223,0.31455,0.6857,0.1363,0.03534219178082189,0.03005,0.1617,-0.03
60,13,1970-01-02T02:00Z,0.3280317808219173,0.31315,0.7572,0.1147,0.02600849315068493,0.018750000000000003,0.1585,-0.0467
60,13,1970-01-02T03:00Z,0.29792643835616445,0.28764999999999996,0.6413,0.1049,0.02089417808219177,0.0145,0.1314,-0.0489
60,13,1970-01-02T04:00Z,0.27018143835616487,0.25634999999999997,0.6557,0.1144,0.02200643835616435,0.0151,0.16,-0.0636
60,14,1970-01-01T05:00Z,0.2696534246575345,0.21384999999999998,0.9636,0.0716,0.015689520547945226,-0.0102,0.2367,-0.073
60,14,1970-01-01T06:00Z,0.24405812841530017,0.18364999999999998,0.8719,0.0623,0.015128551912568327,-0.013,0.2058,-0.0694
60,14,1970-01-01T07:00Z,0.23000750688705232,0.1666,0.8254,0.0583,0.01610929752066116,-0.0119,0.2521,-0.0486
60,14,1970-01-01T08:00Z,0.21920389344262317,0.1603,0.8336,0.0526,0.016559631147540978,-0.0104,0.214,-0.0458
60,14,1970-01-01T09:00Z,0.21255136986301326,0.1532,0.905,0.0488,0.01578308219178081,-0.0099,0.2172,-0.0653
60,14,1970-01-01T10:00Z,0.21825972602739663,0.16935,0.7869,0.0522,0.014746095890410945,-0.0106,0.3133,-0.0518
60,14,1970-01-01T11:00Z,0.243317123287671,0.2016,0.7613,0.0674,0.012370958904109613,-0.0109,0.2138,-0.0746
60,14,1970-01-01T12:00Z,0.2628787671232871,0.2344,0.7933,0.0717,0.011255821917808216,-0.00805,0.1965,-0.0707
60,14,1970-01-01T13:00Z,0.2655745205479454,0.2394,0.7993,0.0806,0.015098219178082217,-0.0019,0.2141,-0.0683
60,14,1970-01-01T14:00Z,0.27346027397260253,0.24515,0.7591,0.088,0.017539315068493166,0.0037,0.2197,-0.0601
60,14,1970-01-01T15:00Z,0.2686756515775036,0.23425,0.9399,0.074,0.013741015089163281,0.0013,0.2427,-0.0843
60,14,1970-01-01T16:00Z,0.25244175824175813,0.22365000000000002,0.7614,0.082,0.008814217032967052,-0.00295,0.1995,-0.0666
60,14,1970-01-01T17:00Z,0.25420810439560454,0.2252,0.8912,0.08,0.010395192307692263,-0.0007,0.2223,-0.0804
60,14,1970-01-01T18:00Z,0.24696648351648356,0.2127,0.8699,0.0822,0.00983145604395602,-0.0030499999999999998,0.2764,-0.0682
60,14,1970-01-01T19:00Z,0.24665295329670303,0.21255000000000002,0.9148,0.0926,0.009507486263736282,-0.0016,0.2526,-0.0822
60,14,1970-01-01T20:00Z,0.2461173763736265,0.2084,1.0683,0.0813,0.010014010989010995,0.0004,0.2229,-0.0657
60,14,1970-01-01T21:00Z,0.255225,0.22355,0.9948,0.0875,0.009370947802197788,-0.0026,0.2333,-0.0764
60,14,1970-01-01T22:00Z,0.2699641043239532,0.2339,1.1944,0.0938,0.0066853122855181826,-0.0058,0.2236,-0.073
60,14,1970-01-01T23:00Z,0.29861424657534247,0.26195,1.0122,0.1102,0.008188698630136973,-0.0065,0.2362,-0.0874
60,14,1970-01-02,0.3223321232876712,0.2821,0.9801,0.128,0.012174178082191796,-0.0030499999999999998,0.268,-0.0936
60,14,1970-01-02T01:00Z,0.34101458904109583,0.298,1.004,0.1329,0.013589726027397279,-0.0017,0.2301,-0.0823
60,14,1970-01-02T02:00Z,0.3339255479452056,0.2895,0.945,0.1029,0.009590616438356176,-0.00875,0.3061,-0.0832
60,14,1970-01-02T03:00Z,0.32243109589041113,0.2748,0.9596,0.1004,0.010926164383561629,-0.009049999999999999,0.2193,-0.0777
60,14,1970-01-02T04:00Z,0.3049184931506855,0.259,1.0158,0.093,0.01658102739726023,-0.0063,0.2278,-0.0817
60,15,1970-01-01T05:00Z,0.2783127397260275,0.2365,0.8932,0.109,0.012473904109589031,0.0034,0.1967,-0.0646
60,15,1970-01-01T06:00Z,0.23414945355191213,0.197,0.8186,0.1009,0.001990642076502729,-0.00615,0.2032,-0.0689
60,15,1970-01-01T07:00Z,0.21657906336088148,0.1802,0.7915,0.0896,-0.0010752754820936607,-0.0107,0.1981,-0.0626
60,15,1970-01-01T08:00Z,0.20604214480874336,0.16955,0.7443,0.0899,-0.0034699453551912643,-0.01225,0.1803,-0.0606
60,15,1970-01-01T09:00Z,0.1995849315068495,0.16494999999999999,0.6562,0.0947,-0.004999726027397261,-0.0145,0.1501,-0.064
60,15,1970-01-01T10:00Z,0.20038952054794498,0.16785,0.6575,0.0939,-0.008930205479452055,-0.016149999999999998,0.1448,-0.0674
60,15,1970-01-01T11:00Z,0.2117497260273975,0.18359999999999999,0.5816,0.0901,-0.01330232876712329,-0.0213,0.1285,-0.0744
60,15,1970-01-01T12:00Z,0.2496582191780824,0.22594999999999998,0.6829,0.1056,-0.01618773972602736,-0.022350000000000002,0.1657,-0.0815
60,15,1970-01-01T13:00Z,0.2931453424657534,0.2815,0.6579,0.1258,-0.02075869863013702,-0.02765,0.1381,-0.1181
60,15,1970-01-01T14:00Z,0.3017647945205477,0.28695,0.7834,0.1246,-0.021712191780821895,-0.0268,0.123,-0.1134
60,15,1970-01-01T15:00Z,0.2949315500685875,0.2802,0.8018,0.1072,-0.018525925925925897,-0.02445,0.1532,-0.1306
60,15,1970-01-01T16:00Z,0.2863484203296706,0.27415,0.7703,0.1312,-0.014810989010989005,-0.0208,0.1564,-0.1322
60,15,1970-01-01T17:00Z,0.29079196428571435,0.27485,0.8641,0.1078,-0.011445879120879125,-0.0177,0.2449,-0.0914
60,15,1970-01-01T18:00Z,0.29214869505494523,0.2748,0.8369,0.1283,-0.01050336538461538,-0.016849999999999997,0.2304,-0.123
60,15,1970-01-01T19:00Z,0.2892779532967038,0.27044999999999997,0.8322,0.1108,-0.012820123626373617,-0.0196,0.2361,-0.1186
60,15,1970-01-01T20:00Z,0.2885425137362638,0.2704,0.9067,0.1,-0.015475274725274716,-0.0233,0.222,-0.1084
60,15,1970-01-01T21:00Z,0.2799247252747249,0.26,0.7978,0.1211,-0.019291277472527475,-0.0256,0.1473,-0.1366
60,15,1970-01-01T22:00Z,0.3041041866849688,0.2832,1.0175,0.1378,-0.0157078242964997,-0.021,0.1535,-0.1118
60,15,1970-01-01T23:00Z,0.3405618493150685,0.31475,1.0426,0.1457,-0.012993219178082192,-0.018549999999999997,0.1702,-0.113
60,15,1970-01-02,0.36391787671232817,0.33885,0.9218,0.1739,-0.007799863013698627,-0.012,0.1575,-0.1251
60,15,1970-01-02T01:00Z,0.3966880136986301,0.376,0.8728,0.1782,0.003979041095890404,-0.00095,0.186,-0.1112
60,15,1970-01-02T02:00Z,0.39187006849315087,0.3673,1.0112,0.1904,0.0007878082191780894,-0.00675,0.2305,-0.1094
60,15,1970-01-02T03:00Z,0.3792455479452057,0.34625,1.1214,0.1787,0.0037815068493150836,-0.00385,0.2515,-0.1125
60,15,1970-01-02T04:00Z,0.3369650000000003,0.29464999999999997,0.9568,0.1523,0.01133746575342463,0.00255,0.2325,-0.0817
60,16,1970-01-01T05:00Z,0.29822828767123233,0.27349999999999997,0.8306,0.1097,-0.02209000000000001,-0.0276,0.1327,-0.1167
60,16,1970-01-01T06:00Z,0.2659752049180322,0.24465,0.7768,0.1108,-0.021314549180327862,-0.02515,0.1495,-0.1152
60,16,1970-01-01T07:00Z,0.2505788567493117,0.22635,0.8102,0.0804,-0.01848443526170799,-0.0218,0.1405,-0.1064
60,16,1970-01-01T08:00Z,0.23802247267759583,0.2189,0.6772,0.0801,-0.01821140710382516,-0.02155,0.1588,-0.1066
60,16,1970-01-01T09:00Z,0.22816520547945213,0.20850000000000002,0.6565,0.084,-0.019894315068493144,-0.023,0.1088,-0.0956
60,16,1970-01-01T10:00Z,0.22692739726027392,0.20795,0.6289,0.0864,-0.020101438356164368,-0.0223,0.1115,-0.1241
60,16,1970-01-01T11:00Z,0.24505479452054768,0.2265,0.7269,0.0901,-0.02169397260273973,-0.023850000000000003,0.2197,-0.1275
60,16,1970-01-01T12:00Z,0.2993949315068497,0.2874,0.7124,0.0822,-0.021411164383561658,-0.022850000000000002,0.129,-0.1109
60,16,1970-01-01T13:00Z,0.31528849315068486,0.3013,0.7073,0.1065,-0.020762739726027366,-0.0217,0.1439,-0.1233
60,16,1970-01-01T14:00Z,0.32371794520547953,0.30665,0.8785,0.1102,-0.020065000000000034,-0.021949999999999997,0.1627,-0.1175
60,16,1970-01-01T15:00Z,0.3176365753424651,0.2992,0.816,0.1343,-0.017809452054794533,-0.020749999999999998,0.1556,-0.1321
60,16,1970-01-01T16:00Z,0.3219536986301369,0.2979,1.0125,0.1292,-0.0185358904109589,-0.02095,0.1289,-0.1168
60,16,1970-01-01T17:00Z,0.3233378767123287,0.2949,0.9167,0.1225,-0.018394041095890375,-0.0209,0.1601,-0.1301
60,16,1970-01-01T18:00Z,0.32751458904109626,0.30115000000000003,1.0281,0.127,-0.019221643835616427,-0.0226,0.1383,-0.1216
60,16,1970-01-01T19:00Z,0.32539123287671273,0.29474999999999996,0.8819,0.1097,-0.019492260273972613,-0.021650000000000003,0.2017,-0.1329
60,16,1970-01-01T20:00Z,0.322352739726027,0.29035,1.0467,0.1146,-0.019231301369863032,-0.02275,0.1576,-0.1246
60,16,1970-01-01T21:00Z,0.3296827397260274,0.3063,1.0868,0.1157,-0.018498082191780833,-0.02495,0.1555,-0.1269
60,16,1970-01-01T22:00Z,0.35313499999999975,0.33095,1.1165,0.1261,-0.018000821917808236,-0.02355,0.175,-0.1218
60,16,1970-01-01T23:00Z,0.39049342465753395,0.36850000000000005,1.106,0.1325,-0.016343972602739735,-0.019450000000000002,0.1715,-0.1262
60,16,1970-01-02,0.40654575342465826,0.38485,1.0998,0.1404,-0.020976986301369873,-0.02715,0.1663,-0.1316
60,16,1970-01-02T01:00Z,0.41400335616438266,0.3923,1.122,0.1551,-0.019603904109589048,-0.0275,0.1673,-0.1346
60,16,1970-01-02T02:00Z,0.4087286986301375,0.38680000000000003,1.1818,0.1462,-0.018819520547945175,-0.0253,0.1732,-0.1349
60,16,1970-01-02T03:00Z,0.3771042465753427,0.35185,1.1453,0.1365,-0.01824123287671231,-0.0233,0.177,-0.115
60,16,1970-01-02T04:00Z,0.3368134246575337,0.30845,0.9502,0.1262,-0.022000136986301374,-0.026250000000000002,0.1539,-0.1432
60,17,1970-01-01T05:00Z,0.299075273972603,0.2619,1.1732,0.1142,0.0018232876712328744,-0.0073,0.2162,-0.0798
60,17,1970-01-01T06:00Z,0.2433577868852464,0.1972,0.9585,0.0938,0.0009338114754098327,-0.00915,0.1868,-0.0647
60,17,1970-01-01T07:00Z,0.22061157024793396,0.1728,0.9507,0.0828,0.0024889118457300284,-0.0069,0.2452,-0.0628
60,17,1970-01-01T08:00Z,0.20790587431693971,0.16094999999999998,0.7765,0.0763,0.002093852459016385,-0.0073,0.1694,-0.0555
60,17,1970-01-01T09:00Z,0.20468356164383514,0.16155,0.7021,0.0785,0.0016809589041095897,-0.007549999999999999,0.1666,-0.0593
60,17,1970-01-01T10:00Z,0.20762575342465725,0.16925,0.7256,0.0753,0.0019395890410958837,-0.0059,0.1928,-0.0535
60,17,1970-01-01T11:00Z,0.23359054794520515,0.19715,0.7386,0.0829,0.00506239726027396,-0.0013,0.19,-0.0609
60,17,1970-01-01T12:00Z,0.290893904109589,0.2711,0.89,0.107,0.0036878767123287638,-0.0033,0.1831,-0.0931
60,17,1970-01-01T13:00Z,0.3247221232876713,0.30155,0.9041,0.1213,0.0031006164383561574,-0.0026,0.3236,-0.0847
60,17,1970-01-01T14:00Z,0.3548017123287673,0.3292,0.9178,0.1512,0.003613972602739718,-0.0009,0.1546,-0.0857
60,17,1970-01-01T15:00Z,0.35534746227709213,0.3336,0.9989,0.1364,0.005662071330589852,0.0015,0.2066,-0.0862
60,17,1970-01-01T16:00Z,0.3589241758241761,0.3366,1.0698,0.1683,0.01035350274725274,0.00455,0.2444,-0.0944
60,17,1970-01-01T17:00Z,0.3609331730769226,0.3345,1.2864,0.1562,0.0157125,0.01025,0.2682,-0.0769
60,17,1970-01-01T18:00Z,0.3548211538461536,0.32655,1.1459,0.1365,0.013264148351648356,0.00655,0.258,-0.0725
60,17,1970-01-01T19:00Z,0.35252287087912076,0.32694999999999996,1.2635,0.1346,0.014955975274725284,0.0083,0.3208,-0.06
60,17,1970-01-01T20:00Z,0.3520467719780221,0.32099999999999995,1.2718,0.1563,0.015094642857142852,0.0078,0.3014,-0.0694
60,17,1970-01-01T21:00Z,0.3688485576923074,0.34,1.2088,0.1521,0.012683379120879112,0.00395,0.2716,-0.0825
60,17,1970-01-01T22:00Z,0.40784296499656814,0.3814,1.2717,0.19,0.008662731640356901,0.0014,0.2706,-0.0969
60,17,1970-01-01T23:00Z,0.44604760273972605,0.4129,1.1657,0.1773,0.01457363013698627,0.005,0.2514,-0.1016
60,17,1970-01-02,0.46486308219178124,0.4347,1.4703,0.1772,0.025396369863013614,0.01885,0.33,-0.0746
60,17,1970-01-02T01:00Z,0.47075157534246526,0.44715000000000005,1.3416,0.1685,0.025265068493150664,0.0189,0.3237,-0.0704
60,17,1970-01-02T02:00Z,0.46609506849315,0.4355,1.2352,0.1731,0.014754726027397252,0.0088,0.2563,-0.0807
60,17,1970-01-02T03:00Z,0.4413669178082197,0.40900000000000003,1.3485,0.166,0.0023999315068493187,-0.007949999999999999,0.2563,-0.1005
60,17,1970-01-02T04:00Z,0.37977054794520565,0.34355,1.409,0.1535,0.0031725342465753425,-0.0069,0.2487,-0.0852
60,18,1970-01-01T05:00Z,0.3126755479452051,0.2847,0.8153,0.1305,-0.01918102739726025,-0.02715,0.1486,-0.1214
60,18,1970-01-01T06:00Z,0.26428592896174885,0.23355,0.7393,0.1071,-0.02397336065573772,-0.0321,0.1533,-0.1266
60,18,1970-01-01T07:00Z,0.24532403581267195,0.21395,0.648,0.1032,-0.02583078512396688,-0.03435,0.2583,-0.1221
60,18,1970-01-01T08:00Z,0.2376348360655739,0.20845,0.6848,0.0914,-0.027236407103825088,-0.03425,0.1443,-0.1338
60,18,1970-01-01T09:00Z,0.23836171232876693,0.2147,0.6685,0.0909,-0.02683698630136991,-0.0339,0.1112,-0.124
60,18,1970-01-01T10:00Z,0.24430965753424622,0.2216,0.815,0.0842,-0.026513698630136976,-0.0336,0.1488,-0.1181
60,18,1970-01-01T11:00Z,0.2876393150684933,0.2704,0.683,0.1168,-0.022768013698630105,-0.0278,0.143,-0.1047
60,18,1970-01-01T12:00Z,0.351513561643836,0.33675,0.8009,0.1448,-0.015228767123287665,-0.019950000000000002,0.2435,-0.1282
60,18,1970-01-01T13:00Z,0.37213979452054835,0.3487,0.9609,0.1603,-0.00807061643835615,-0.0117,0.1149,-0.113
60,18,1970-01-01T14:00Z,0.3922327397260271,0.37960000000000005,0.9521,0.1441,0.0005552054794520598,-0.00405,0.1422,-0.1062
60,18,1970-01-01T15:00Z,0.3846370370370368,0.3624,1.0181,0.1617,-0.0009703703703703718,-0.0071,0.2254,-0.1161
60,18,1970-01-01T16:00Z,0.37640041208791253,0.3467,1.3853,0.1668,0.0009566620879120845,-0.00605,0.1988,-0.1181
60,18,1970-01-01T17:00Z,0.36819244505494547,0.3332,1.1308,0.1682,-0.003238736263736257,-0.00925,0.1497,-0.1088
60,18,1970-01-01T18:00Z,0.37115831043956055,0.33185,1.1878,0.1528,-0.006941758241758236,-0.0148,0.178,-0.0903
60,18,1970-01-01T19:00Z,0.3602661401098897,0.32155,1.0359,0.1363,-0.00816387362637363,-0.0176,0.1498,-0.1263
60,18,1970-01-01T20:00Z,0.3660814560439564,0.3343,1.0464,0.1577,-0.004551854395604392,-0.0124,0.192,-0.1124
60,18,1970-01-01T21:00Z,0.39236346153845975,0.3591,1.0647,0.157,-0.0041135989010988964,-0.0109,0.1914,-0.0962
60,18,1970-01-01T22:00Z,0.4412619766643787,0.4124,1.1164,0.1849,0.006439533287577229,0.0015,0.2442,-0.1
60,18,1970-01-01T23:00Z,0.48881356164383527,0.4664,1.1206,0.2038,0.02118506849315071,0.018349999999999998,0.2131,-0.0964
60,18,1970-01-02,0.5017551369863014,0.47765,1.2561,0.2475,0.0227926712328767,0.02055,0.217,-0.0961
60,18,1970-01-02T01:00Z,0.5149615753424654,0.48714999999999997,1.2055,0.2517,0.015536506849315068,0.0103,0.2986,-0.0895
60,18,1970-01-02T02:00Z,0.4868519178082195,0.4609,1.1954,0.2278,0.003354657534246575,-0.0013,0.1913,-0.0942
60,18,1970-01-02T03:00Z,0.41852020547945173,0.3929,0.9497,0.1778,-0.007865547945205472,-0.01515,0.1944,-0.1283
60,18,1970-01-02T04:00Z,0.36259657534246575,0.3337,0.9045,0.1634,-0.015559794520547973,-0.024149999999999998,0.2051,-0.1098
60,19,1970-01-01T05:00Z,0.344038493150685,0.3261,0.8103,0.1351,0.009177602739726027,-0.0008,0.1891,-0.0666
60,19,1970-01-01T06:00Z,0.2884534153005462,0.2717,0.7702,0.0988,0.005721994535519126,-0.005,0.1891,-0.0722
60,19,1970-01-01T07:00Z,0.2660154269972448,0.2467,0.7921,0.1028,0.004168939393939407,-0.0071,0.174,-0.0603
60,19,1970-01-01T08:00Z,0.2549041666666663,0.2417,0.6778,0.0927,0.0022549180327868885,-0.009049999999999999,0.1872,-0.0616
60,19,1970-01-01T09:00Z,0.2498071232876712,0.2338,0.6311,0.1028,0.0010495890410958891,-0.0091,0.1892,-0.0602
60,19,1970-01-01T10:00Z,0.25755958904109566,0.24665,0.7562,0.0978,0.00003726027397260624,-0.0105,0.1573,-0.0756
60,19,1970-01-01T11:00Z,0.2845041095890416,0.27190000000000003,0.7635,0.1017,-0.004516712328767114,-0.013,0.1572,-0.0952
60,19,1970-01-01T12:00Z,0.3574713698630137,0.34315,0.9053,0.1356,-0.0019539726027397245,-0.0079,0.1925,-0.0966
60,19,1970-01-01T13:00Z,0.4016320547945207,0.3798,1.0749,0.1585,0.008445342465753417,0.004,0.2129,-0.0818
60,19,1970-01-01T14:00Z,0.41721205479451984,0.4001,0.9084,0.1852,0.018273972602739705,0.0139,0.2048,-0.0905
60,19,1970-01-01T15:00Z,0.41205493827160444,0.39185000000000003,1.0279,0.1542,0.024563854595336054,0.0204,0.2114,-0.0953
60,19,1970-01-01T16:00Z,0.4029101648351649,0.38765000000000005,0.9184,0.1515,0.026856387362637377,0.02255,0.1837,-0.0818
60,19,1970-01-01T17:00Z,0.39578001373626376,0.37625,0.9615,0.1635,0.027364148351648434,0.022449999999999998,0.2605,-0.0752
60,19,1970-01-01T18:00Z,0.39353475274725286,0.37165,0.9473,0.1509,0.025446222527472515,0.0197,0.2693,-0.0786
60,19,1970-01-01T19:00Z,0.37893447802197827,0.3615,0.9411,0.1431,0.02311037087912089,0.018,0.227,-0.1302
60,19,1970-01-01T20:00Z,0.3793436813186811,0.35455000000000003,1.0944,0.1437,0.018574381868131873,0.01125,0.2388,-0.0721
60,19,1970-01-01T21:00Z,0.40910226648351644,0.38325,1.4042,0.1495,0.022414285714285727,0.01485,0.2927,-0.0844
60,19,1970-01-01T22:00Z,0.45668730267673263,0.4312,1.2351,0.156,0.022296087851750176,0.0142,0.3021,-0.1156
60,19,1970-01-01T23:00Z,0.5088716438356167,0.4904,1.3581,0.1792,0.02566979452054792,0.017750000000000002,0.3071,-0.1143
60,19,1970-01-02,0.5449961643835611,0.53145,1.2497,0.1942,0.0322961643835617,0.0261,0.2744,-0.1105
60,19,1970-01-02T01:00Z,0.5600964383561646,0.53995,1.3421,0.1865,0.03501856164383555,0.0314,0.321,-0.0786
60,19,1970-01-02T02:00Z,0.5386741095890404,0.5221,1.2793,0.2002,0.036068630136986274,0.0307,0.2652,-0.0887
60,19,1970-01-02T03:00Z,0.5020564383561642,0.48795,1.08,0.2109,0.03195726027397266,0.02475,0.2231,-0.073
60,19,1970-01-02T04:00Z,0.42982972602739705,0.41695000000000004,0.9588,0.1751,0.01830787671232878,0.01005,0.2074,-0.0633
60,20,1970-01-01T05:00Z,0.4141016438356165,0.36024999999999996,1.7085,0.152,0.011376506849315102,0.0035,0.2495,-0.0786
60,20,1970-01-01T06:00Z,0.35632438524590143,0.2984,1.4792,0.1488,0.007541256830601108,-0.00285,0.2887,-0.0981
60,20,1970-01-01T07:00Z,0.32159683195592337,0.25765,1.4221,0.1218,0.0023456611570247853,-0.0086,0.2231,-0.0733
60,20,1970-01-01T08:00Z,0.29743251366120227,0.2327,1.3921,0.1365,0.0001243169398907038,-0.00975,0.2416,-0.072
60,20,1970-01-01T09:00Z,0.2843213698630138,0.22444999999999998,1.3221,0.1133,-0.0008971232876712328,-0.0099,0.2237,-0.0944
60,20,1970-01-01T10:00Z,0.27860787671232906,0.22255,1.2084,0.116,-0.0015443150684931529,-0.0105,0.2082,-0.0696
60,20,1970-01-01T11:00Z,0.3164482876712326,0.26739999999999997,1.3236,0.125,-0.0029266438356164294,-0.0111,0.2036,-0.0788
60,20,1970-01-01T12:00Z,0.38675767123287663,0.356,1.2881,0.1387,0.004882808219178084,-0.0010500000000000002,0.1891,-0.0823
60,20,1970-01-01T13:00Z,0.4271820547945212,0.38975000000000004,1.2162,0.1488,0.019061780821917795,0.01295,0.2264,-0.0659
60,20,1970-01-01T14:00Z,0.43147390410958936,0.3875,1.248,0.1709,0.025399794520548014,0.0194,0.2707,-0.0923
60,20,1970-01-01T15:00Z,0.4097508916323726,0.36755,1.3867,0.1596,0.017115569272976687,0.012199999999999999,0.2151,-0.0712
60,20,1970-01-01T16:00Z,0.3971747939560438,0.3549,1.1443,0.1437,0.017736813186813173,0.0116,0.1866,-0.0771
60,20,1970-01-01T17:00Z,0.39925528846153785,0.3584,1.2574,0.1491,0.01863653846153846,0.0137,0.211,-0.0721
60,20,1970-01-01T18:00Z,0.41914024725274796,0.3788,1.1916,0.1605,0.027357348901098942,0.0221,0.2101,-0.1063
60,20,1970-01-01T19:00Z,0.41717637362637333,0.37760000000000005,1.2004,0.134,0.02861119505494512,0.02515,0.2171,-0.0916
60,20,1970-01-01T20:00Z,0.40807225274725195,0.36565000000000003,1.4044,0.1365,0.024288461538461526,0.02035,0.2193,-0.0742
60,20,1970-01-01T21:00Z,0.43900803571428554,0.40454999999999997,1.3569,0.1647,0.025538736263736306,0.02105,0.2701,-0.095
60,20,1970-01-01T22:00Z,0.5065283459162666,0.4751,1.5695,0.1786,0.030800068634179764,0.0238,0.2818,-0.0941
60,20,1970-01-01T23:00Z,0.5844393150684941,0.54815,1.5268,0.2474,0.03177945205479458,0.0253,0.3128,-0.0971
60,20,1970-01-02,0.6287386301369863,0.59655,1.7349,0.2568,0.03300041095890409,0.02355,0.3312,-0.0741
60,20,1970-01-02T01:00Z,0.6445818493150688,0.60885,1.8267,0.2776,0.025253493150684873,0.0171,0.2902,-0.0949
60,20,1970-01-02T02:00Z,0.6210617123287675,0.5817,1.6506,0.2554,0.020826849315068473,0.013049999999999999,0.252,-0.1105
60,20,1970-01-02T03:00Z,0.5851497945205482,0.53845,1.7137,0.2151,0.01892445205479453,0.0128,0.283,-0.0931
60,20,1970-01-02T04:00Z,0.4971452054794522,0.4475,1.5979,0.189,0.014261232876712313,0.0075,0.4918,-0.0887
60,21,1970-01-01T05:00Z,0.3568711643835611,0.2949,1.3484,0.1321,-0.03534856164383561,-0.051949999999999996,0.2717,-0.1531
60,21,1970-01-01T06:00Z,0.31802807377049136,0.25044999999999995,1.2351,0.1236,-0.03618107923497264,-0.05015,0.1963,-0.1407
60,21,1970-01-01T07:00Z,0.2981929063360881,0.22715000000000002,1.2068,0.133,-0.03478719008264466,-0.0487,0.2343,-0.1433
60,21,1970-01-01T08:00Z,0.282301707650273,0.2163,1.0686,0.1208,-0.03732568306010929,-0.05085,0.1928,-0.1357
60,21,1970-01-01T09:00Z,0.2759030821917805,0.2116,1.2261,0.1197,-0.03938280821917815,-0.0533,0.2492,-0.1379
60,21,1970-01-01T10:00Z,0.28464582191780774,0.2258,0.9997,0.1087,-0.04092753424657537,-0.05335,0.1893,-0.1555
60,21,1970-01-01T11:00Z,0.34968486301369867,0.31189999999999996,1.1515,0.1194,-0.0493352739726027,-0.0611,0.2269,-0.1621
60,21,1970-01-01T12:00Z,0.5157845205479451,0.4955,1.222,0.1317,-0.06152506849315073,-0.07085,0.2244,-0.2033
60,21,1970-01-01T13:00Z,0.5136793835616436,0.48345,1.3018,0.1991,-0.0631141095890411,-0.0722,0.2393,-0.2153
60,21,1970-01-01T14:00Z,0.5014003424657535,0.47975,1.4957,0.1909,-0.06476328767123285,-0.0693,0.2746,-0.2105
60,21,1970-01-01T15:00Z,0.4914117969821674,0.4615,1.3108,0.1734,-0.05498683127572008,-0.060649999999999996,0.1934,-0.1931
60,21,1970-01-01T16:00Z,0.4955738324175827,0.4563,1.6511,0.1615,-0.04545728021978019,-0.05165,0.2383,-0.2119
60,21,1970-01-01T17:00Z,0.4956278159340646,0.46145,1.7615,0.1695,-0.040976923076923126,-0.0492,0.236,-0.1826
60,21,1970-01-01T18:00Z,0.4875448489010988,0.4435,1.8188,0.1588,-0.04316256868131865,-0.0515,0.2753,-0.1992
60,21,1970-01-01T19:00Z,0.468250686813186,0.42274999999999996,1.5844,0.1449,-0.04845714285714277,-0.05735,0.2479,-0.1849
60,21,1970-01-01T20:00Z,0.45489210164835164,0.40754999999999997,1.7346,0.1412,-0.05223482142857139,-0.0599,0.253,-0.1763
60,21,1970-01-01T21:00Z,0.47259512362637374,0.42595,2.0209,0.1646,-0.0574692994505495,-0.06764999999999999,0.3719,-0.1952
60,21,1970-01-01T22:00Z,0.545533905284831,0.4971,1.9292,0.1859,-0.06508997940974612,-0.0746,0.2304,-0.199
60,21,1970-01-01T23:00Z,0.6601299999999997,0.61955,2.0205,0.237,-0.06525027397260275,-0.0749,0.2325,-0.2269
60,21,1970-01-02,0.6789982191780826,0.6407,1.8084,0.2581,-0.06391150684931504,-0.0751,0.2259,-0.2189
60,21,1970-01-02T01:00Z,0.6994760958904108,0.66615,1.8751,0.2966,-0.04649780821917808,-0.0579,0.2318,-0.2143
60,21,1970-01-02T02:00Z,0.7111594520547951,0.6675500000000001,2.0355,0.2639,-0.02779321917808221,-0.04245,0.3543,-0.1799
60,21,1970-01-02T03:00Z,0.6105976712328763,0.55145,1.7433,0.2312,-0.01734294520547944,-0.03375,0.297,-0.1553
60,21,1970-01-02T04:00Z,0.4711618493150674,0.4111,1.6555,0.1819,-0.022389657534246574,-0.039150000000000004,0.26,-0.1506
60,22,1970-01-01T05:00Z,0.4381665068493152,0.41075,1.1504,0.1663,-0.026966780821917807,-0.03265,0.1578,-0.1516
60,22,1970-01-01T06:00Z,0.36055819672131134,0.33294999999999997,1.0986,0.1522,-0.03261079234972675,-0.0394,0.1373,-0.1637
60,22,1970-01-01T07:00Z,0.3151222451790634,0.2894,1.0545,0.1436,-0.036508677685950335,-0.04395,0.1516,-0.1444
60,22,1970-01-01T08:00Z,0.3055137295081967,0.2782,0.8536,0.1508,-0.0365003415300547,-0.0433,0.1375,-0.1131
60,22,1970-01-01T09:00Z,0.3041804109589042,0.2813,0.9377,0.1419,-0.03694267123287673,-0.0432,0.1509,-0.1249
60,22,1970-01-01T10:00Z,0.31047417808219197,0.28845,1.0192,0.1444,-0.036561438356164405,-0.04335,0.113,-0.1253
60,22,1970-01-01T11:00Z,0.36209712328767096,0.34365,1.0639,0.1438,-0.03427260273972595,-0.04,0.1606,-0.1396
60,22,1970-01-01T12:00Z,0.5028441780821918,0.4842,1.436,0.1867,-0.01602089041095892,-0.0204,0.1679,-0.1392
60,22,1970-01-01T13:00Z,0.5551643835616432,0.5257000000000001,1.6973,0.2016,0.0013184246575342496,-0.00515,0.2766,-0.1423
60,22,1970-01-01T14:00Z,0.5808254794520552,0.5425,1.5155,0.2114,0.0018413698630136985,-0.0049499999999999995,0.2199,-0.1155
60,22,1970-01-01T15:00Z,0.5660427983539091,0.52305,1.4015,0.2272,-0.0035109739368998608,-0.0111,0.2963,-0.1708
60,22,1970-01-01T16:00Z,0.5452769230769239,0.49245,1.6636,0.1912,-0.004278983516483507,-0.01255,0.2661,-0.1302
60,22,1970-01-01T17:00Z,0.528524793956044,0.4724,1.6289,0.2118,-0.00010892857142856241,-0.0061,0.3738,-0.1281
60,22,1970-01-01T18:00Z,0.5164266483516481,0.46845000000000003,1.5087,0.1975,-0.007811126373626374,-0.0137,0.1946,-0.1179
60,22,1970-01-01T19:00Z,0.5252144230769246,0.48115,1.7523,0.2091,-0.008786126373626368,-0.0154,0.308,-0.1498
60,22,1970-01-01T20:00Z,0.5207502060439557,0.4689,1.9474,0.196,-0.013167239010989009,-0.0221,0.2871,-0.1305
60,22,1970-01-01T21:00Z,0.5613665521978021,0.5225,1.9791,0.207,-0.010112843406593408,-0.0206,0.2902,-0.1254
60,22,1970-01-01T22:00Z,0.6379436513383655,0.6047,2.0738,0.2308,0.000022855181880573306,-0.009,0.3392,-0.126
60,22,1970-01-01T23:00Z,0.7110871917808225,0.68585,2.0155,0.2701,0.011281301369863002,0.0063,0.281,-0.1404
60,22,1970-01-02,0.7587620547945197,0.7364,1.8832,0.2893,0.01234513698630137,0.0073,0.2361,-0.1269
60,22,1970-01-02T01:00Z,0.7872842465753429,0.76815,1.8721,0.3178,0.010101232876712317,0.00355,0.25,-0.1141
60,22,1970-01-02T02:00Z,0.7857722602739715,0.7565999999999999,1.7429,0.2782,0.006588356164383574,0.0004,0.26,-0.1131
60,22,1970-01-02T03:00Z,0.7039949315068503,0.6756500000000001,1.5582,0.3132,0.0012060958904109575,-0.00385,0.213,-0.13
60,22,1970-01-02T04:00Z,0.5706430821917817,0.54165,1.426,0.2507,-0.014592945205479461,-0.019549999999999998,0.2443,-0.1362
60,23,1970-01-01T05:00Z,0.5554884246575347,0.4404,1.9152,0.2023,0.003754246575342464,-0.0204,0.3228,-0.1182
60,23,1970-01-01T06:00Z,0.4721960382513659,0.35615,1.7352,0.1273,-0.0039428278688524694,-0.03065,0.2824,-0.1183
60,23,1970-01-01T07:00Z,0.40978539944903525,0.2954,1.6011,0.1255,-0.007319903581267201,-0.03395,0.3959,-0.124
60,23,1970-01-01T08:00Z,0.3772093579234964,0.2654,1.5409,0.1094,-0.010586270491803268,-0.038,0.2802,-0.1309
60,23,1970-01-01T09:00Z,0.35332623287671233,0.24355,1.4621,0.108,-0.013840753424657548,-0.0409,0.2933,-0.1179
60,23,1970-01-01T10:00Z,0.35454424657534245,0.24609999999999999,1.4548,0.1063,-0.01617664383561641,-0.0451,0.3453,-0.1374
60,23,1970-01-01T11:00Z,0.43395342465753495,0.3422,2.116,0.1168,-0.017055547945205432,-0.04455,0.3868,-0.1523
60,23,1970-01-01T12:00Z,0.5218436301369865,0.44015000000000004,1.7656,0.1525,-0.022716712328767135,-0.0478,0.3577,-0.1606
60,23,1970-01-01T13:00Z,0.5914827397260273,0.51925,1.7582,0.1976,-0.026053082191780836,-0.0471,0.2896,-0.1537
60,23,1970-01-01T14:00Z,0.5831321232876711,0.50195,1.9757,0.224,-0.027316986301369865,-0.04735,0.2953,-0.1548
60,23,1970-01-01T15:00Z,0.5821864197530875,0.50675,1.8463,0.2099,-0.023661659807956075,-0.0426,0.2878,-0.1591
60,23,1970-01-01T16:00Z,0.5684191620879119,0.4948,1.8407,0.2003,-0.022342651098901097,-0.0389,0.4862,-0.1555
60,23,1970-01-01T17:00Z,0.563119436813187,0.48719999999999997,1.8546,0.2138,-0.017164423076923112,-0.0336,0.2699,-0.1567
60,23,1970-01-01T18:00Z,0.5971096840659333,0.5064,2.0377,0.2111,-0.008627266483516475,-0.02355,0.3651,-0.1347
60,23,1970-01-01T19:00Z,0.5992377747252751,0.50725,2.0246,0.1962,-0.01132520604395604,-0.0271,0.389,-0.161
60,23,1970-01-01T20:00Z,0.5896043956043969,0.49495,1.8151,0.1875,-0.0154746565934066,-0.0326,0.2992,-0.1473
60,23,1970-01-01T21:00Z,0.6085420329670335,0.5199,1.8936,0.203,-0.013916140109890096,-0.032850000000000004,0.4476,-0.1689
60,23,1970-01-01T22:00Z,0.6631883321894295,0.5834,2.4733,0.2367,-0.013849691146190819,-0.0336,0.411,-0.1495
60,23,1970-01-01T23:00Z,0.7409053424657522,0.6758,1.9792,0.2457,-0.015134383561643865,-0.0363,0.3505,-0.1556
60,23,1970-01-02,0.8100241095890418,0.75475,2.0224,0.3312,-0.016365616438356156,-0.033049999999999996,0.2823,-0.1797
60,23,1970-01-02T01:00Z,0.8356925342465766,0.76795,2.417,0.2943,-0.007697328767123294,-0.02515,0.3386,-0.1681
60,23,1970-01-02T02:00Z,0.8444693835616451,0.7608,2.49,0.3496,-0.005343424657534245,-0.0232,0.3699,-0.1722
60,23,1970-01-02T03:00Z,0.802349794520549,0.71245,2.3638,0.3556,0.000801506849315055,-0.022,0.3119,-0.1692
60,23,1970-01-02T04:00Z,0.6893008904109588,0.5817,2.1659,0.2517,0.010195410958904076,-0.01115,0.352,-0.1365
60,24,1970-01-01T05:00Z,0.6763941095890416,0.5977,1.85,0.3031,0.058873767123287825,0.027950000000000003,0.4252,-0.0652
60,24,1970-01-01T06:00Z,0.5752641393442618,0.48115,1.5457,0.2736,0.045129986338797876,0.0119,0.3946,-0.072
60,24,1970-01-01T07:00Z,0.5151794077134993,0.42110000000000003,1.4755,0.2553,0.03861673553719009,0.0052,0.3487,-0.0757
60,24,1970-01-01T08:00Z,0.49437274590164004,0.40455,1.5252,0.2591,0.033282855191256816,0.0010500000000000002,0.3908,-0.0776
60,24,1970-01-01T09:00Z,0.48456527397260224,0.3998,1.3753,0.242,0.031961506849315084,-0.0003,0.3862,-0.0865
60,24,1970-01-01T10:00Z,0.4876347260273971,0.40595000000000003,1.4041,0.2418,0.03157719178082197,-0.0004,0.3574,-0.0877
60,24,1970-01-01T11:00Z,0.537055342465754,0.46295,1.5056,0.2632,0.03770493150684923,0.0074,0.4558,-0.0829
60,24,1970-01-01T12:00Z,0.6508993835616449,0.6037,1.5181,0.2552,0.06171664383561643,0.03985,0.3694,-0.0917
60,24,1970-01-01T13:00Z,0.6874826027397265,0.6286499999999999,1.7154,0.3223,0.06704123287671222,0.0456,0.588,-0.0843
60,24,1970-01-01T14:00Z,0.7052611643835616,0.6432,1.7086,0.3201,0.07484417808219192,0.0539,0.7473,-0.0929
60,24,1970-01-01T15:00Z,0.7039456849315073,0.64255,1.6834,0.3073,0.09081739726027398,0.0735,0.719,-0.1017
60,24,1970-01-01T16:00Z,0.6952073972602745,0.6332,1.8166,0.3016,0.09844102739726021,0.08085,0.3941,-0.0736
60,24,1970-01-01T17:00Z,0.6923458904109587,0.61985,1.8254,0.2814,0.09533041095890409,0.0759,0.403,-0.0664
60,24,1970-01-01T18:00Z,0.705469657534246,0.6354,2.0223,0.3004,0.09994075342465741,0.0837,0.6672,-0.0622
60,24,1970-01-01T19:00Z,0.6885937671232877,0.6145,2.0152,0.3084,0.09507458904109596,0.0781,0.5058,-0.0938
60,24,1970-01-01T20:00Z,0.6804891780821914,0.59385,1.9088,0.299,0.08321917808219177,0.060649999999999996,0.4839,-0.0664
60,24,1970-01-01T21:00Z,0.72188109589041,0.6499,1.9728,0.3125,0.0877428767123288,0.06755,0.4401,-0.0948
60,24,1970-01-01T22:00Z,0.8050356164383549,0.7417,1.9755,0.3298,0.09652897260273945,0.07535,0.4397,-0.0884
60,24,1970-01-01T23:00Z,0.9115308219178095,0.86225,1.9822,0.3756,0.10681780821917797,0.087,0.4572,-0.0912
60,24,1970-01-02,0.9762117808219185,0.9363,2.0801,0.4237,0.10956431506849312,0.0936,0.4373,-0.0926
60,24,1970-01-02T01:00Z,1.0267887671232885,0.9815499999999999,2.2102,0.4159,0.10640041095890414,0.08929999999999999,0.5265,-0.071
60,24,1970-01-02T02:00Z,1.0339536986301383,0.9775499999999999,2.3788,0.3886,0.10478876712328773,0.0821,0.4903,-0.1102
60,24,1970-01-02T03:00Z,0.9500277397260266,0.8743000000000001,2.2582,0.3835,0.0914952739726029,0.06615,0.7969,-0.0796
60,24,1970-01-02T04:00Z,0.813763972602739,0.7353000000000001,2.3659,0.338,0.0751797945205479,0.04615,0.5223,-0.1064
60,25,1970-01-01T05:00Z,0.8452314383561648,0.78755,2.352,0.3132,0.1042954794520547,0.0867,0.7181,-0.0632
60,25,1970-01-01T06:00Z,0.7320042349726773,0.6651,2.2304,0.3039,0.07595430327868842,0.05585,0.4742,-0.0798
60,25,1970-01-01T07:00Z,0.6614666666666659,0.5895,2.1366,0.2823,0.06437438016528925,0.0432,0.5567,-0.0736
60,25,1970-01-01T08:00Z,0.6155713797814194,0.5477000000000001,2.3708,0.2701,0.05859289617486338,0.0377,0.4455,-0.0871
60,25,1970-01-01T09:00Z,0.6039966438356162,0.541,2.282,0.2416,0.058493082191780725,0.038,0.6507,-0.0736
60,25,1970-01-01T10:00Z,0.6044124657534244,0.5446,1.9568,0.2509,0.057183561643835645,0.035250000000000004,0.5742,-0.0604
60,25,1970-01-01T11:00Z,0.6558254109589043,0.61095,1.941,0.259,0.0578243835616439,0.039599999999999996,0.3926,-0.07
60,25,1970-01-01T12:00Z,0.7551171917808215,0.72115,1.988,0.2963,0.07401068493150677,0.06085,0.8183,-0.0648
60,25,1970-01-01T13:00Z,0.750483082191782,0.6960500000000001,1.9145,0.3536,0.07564369863013708,0.060149999999999995,0.3908,-0.0697
60,25,1970-01-01T14:00Z,0.7903130136986306,0.73445,1.9076,0.3452,0.09448438356164392,0.08295,0.7722,-0.0573
60,25,1970-01-01T15:00Z,0.840336762688615,0.7753,2.4252,0.3238,0.10942174211248296,0.0978,0.4598,-0.0683
60,25,1970-01-01T16:00Z,0.8670623626373627,0.79215,2.7174,0.3529,0.11656174450549432,0.1041,0.5086,-0.0677
60,25,1970-01-01T17:00Z,0.8636564560439554,0.78375,2.5068,0.3987,0.11813166208791212,0.10225000000000001,0.4963,-0.0566
60,25,1970-01-01T18:00Z,0.8732388736263734,0.79395,2.8099,0.3542,0.11787032967032962,0.10335,0.5018,-0.061
60,25,1970-01-01T19:00Z,0.8612934065934085,0.7645,2.9652,0.3804,0.11519986263736245,0.10014999999999999,0.5918,-0.0706
60,25,1970-01-01T20:00Z,0.8708955357142885,0.7766500000000001,2.847,0.3945,0.11714402472527473,0.0991,0.6696,-0.0533
60,25,1970-01-01T21:00Z,0.9192988324175815,0.8385,3.0003,0.4172,0.12478392857142862,0.10805000000000001,0.6963,-0.0642
60,25,1970-01-01T22:00Z,1.0088777625257401,0.9268,2.9616,0.4128,0.13975058339052834,0.1253,0.5817,-0.0614
60,25,1970-01-01T23:00Z,1.1044415753424686,1.03545,2.8574,0.4293,0.15705246575342433,0.14685,0.5665,-0.0427
60,25,1970-01-02,1.1981880821917816,1.1562000000000001,3.0144,0.4491,0.17115979452054791,0.16105,0.5538,-0.0275
60,25,1970-01-02T01:00Z,1.2620139041095881,1.2152500000000002,3.3454,0.4771,0.1879070547945203,0.1814,0.5671,-0.0326
60,25,1970-01-02T02:00Z,1.2826323287671244,1.241,3.27,0.5059,0.20395301369862973,0.19395,0.5843,-0.0317
60,25,1970-01-02T03:00Z,1.2056464383561634,1.1508,3.0625,0.5278,0.1950815753424661,0.1831,0.5403,-0.044
60,25,1970-01-02T04:00Z,1.0399523287671226,0.9739,2.5367,0.4248,0.15442472602739712,0.1385,0.498,-0.0739
60,26,1970-01-01T05:00Z,1.1634645890410962,1.0281,3.2147,0.4308,0.17434773972602738,0.14905000000000002,0.7627,-0.0155
60,26,1970-01-01T06:00Z,0.9433170765027304,0.8141499999999999,2.5749,0.3327,0.13599077868852463,0.1038,1.2485,-0.0797
60,26,1970-01-01T07:00Z,0.8412857438016539,0.69355,2.4873,0.323,0.11839242424242409,0.0832,0.6559,-0.0598
60,26,1970-01-01T08:00Z,0.7994783469945365,0.6676,2.6746,0.3046,0.11529494535519133,0.08355,0.7424,-0.0627
60,26,1970-01-01T09:00Z,0.7839898630136973,0.6613,2.4164,0.3062,0.1136415068493149,0.0805,0.7092,-0.0538
60,26,1970-01-01T10:00Z,0.7751591780821926,0.63365,2.5271,0.295,0.11064287671232875,0.0772,0.7242,-0.0478
60,26,1970-01-01T11:00Z,0.8648504109589045,0.787,2.5936,0.3115,0.13013075342465755,0.11025,1.0705,-0.0546
60,26,1970-01-01T12:00Z,1.043780684931508,0.9837,2.623,0.3151,0.1691282191780821,0.16255,0.5972,-0.0449
60,26,1970-01-01T13:00Z,1.144836301369863,1.0738500000000002,2.8364,0.421,0.18682047945205477,0.17615,0.6599,-0.0178
60,26,1970-01-01T14:00Z,1.2304064383561626,1.13205,3.1915,0.4588,0.19986335616438336,0.1889,0.6637,-0.0337
60,26,1970-01-01T15:00Z,1.2720408093278452,1.1652,3.3449,0.5701,0.20212126200274366,0.1897,0.5277,-0.0166
60,26,1970-01-01T16:00Z,1.3105919642857153,1.2062,3.222,0.4867,0.20154649725274731,0.19014999999999999,0.6863,-0.0358
60,26,1970-01-01T17:00Z,1.3195712912087925,1.2294,3.3852,0.5055,0.20209416208791178,0.1936,0.7093,-0.0669
60,26,1970-01-01T18:00Z,1.3461003434065946,1.2389999999999999,3.9118,0.5466,0.20561703296703274,0.19005,0.7192,-0.0982
60,26,1970-01-01T19:00Z,1.354760439560439,1.2521,3.3787,0.4864,0.21840144230769215,0.20655,0.8174,-0.0549
60,26,1970-01-01T20:00Z,1.391694642857146,1.3010000000000002,3.6832,0.5063,0.22951325549450555,0.22005,0.611,-0.0565
60,26,1970-01-01T21:00Z,1.482563118131869,1.4089,3.6483,0.5851,0.25286565934065947,0.2474,0.6488,-0.0055
60,26,1970-01-01T22:00Z,1.566592587508577,1.4866,3.7906,0.5662,0.2745579272477696,0.2647,1.0934,0.0207
60,26,1970-01-01T23:00Z,1.6195286986301352,1.5529,3.6483,0.6949,0.28089034246575356,0.2748,0.6971,0.0388
60,26,1970-01-02,1.6581231506849294,1.60025,3.6202,0.6924,0.2850060273972601,0.2825,0.7022,0.0458
60,26,1970-01-02T01:00Z,1.7454913013698652,1.68255,3.7343,0.7433,0.29536698630137065,0.2925,0.8078,-0.0003
60,26,1970-01-02T02:00Z,1.7543168493150698,1.7038,3.8506,0.761,0.29785109589041064,0.2892,1.4316,0.0487
60,26,1970-01-02T03:00Z,1.6837606164383518,1.58405,3.7464,0.7175,0.28700191780821926,0.27375,0.674,0.0206
60,26,1970-01-02T04:00Z,1.4758941095890397,1.3512499999999998,3.2849,0.6199,0.24639041095890413,0.22985,0.6648,-0.0102